task,cell,framing,feature_set,n_features,classifier,weighted,n_train,n_pos,n_neg,base_rate,pr_auc_mean,pr_auc_std,pr_auc_minority_mean,pr_auc_minority_std,recall_at_prec90_mean,recall_at_prec90_std,precision_at_recall50_mean,precision_at_recall50_std,logloss_mean,logloss_std,brier_mean,brier_std,balanced_accuracy_mean,balanced_accuracy_std,balanced_accuracy_at_op_mean,balanced_accuracy_at_op_std,oof_pr_auc,chosen_C,seconds
filter,baseline,reference,FLOOR,21,logreg,False,1757,1310,447,0.7455890722822994,0.8611003169329615,0.0216325246640098,0.4591183203524346,0.0566421821993667,0.3595419847328244,0.2417329583352347,0.8808567947978071,0.0218897667381989,0.5200451135635376,0.0124985097215249,0.1705456584692001,0.0062263700593963,0.5470711229284004,0.0183269718272987,0.622692340681019,0.0816926878113642,0.8570934381184723,"0.1,0.01,0.01,0.01,0.01",2.295353412628174
filter,baseline,reference,FLOOR,21,logreg,True,1757,1310,447,0.7455890722822994,0.8604117272936203,0.0208297604338103,0.4576668944628823,0.0538412026539309,0.3511450381679389,0.2333712761999908,0.883799496887686,0.0202553664009728,0.6289396166801453,0.0090702178013727,0.2185380697250366,0.00455517166975,0.6656045401263687,0.0202770001875861,0.6218646539154301,0.0779404241420958,0.856883098095304,"0.1,0.01,0.01,0.01,0.01",1.4319007396697998
filter,baseline,reference,FLOOR,21,xgboost,False,1757,1310,447,0.7455890722822994,0.8534465625644072,0.0224630002987238,0.4248268923811027,0.0527006055728685,0.3053435114503817,0.1609854710607873,0.8657674263141407,0.033715100210181,0.5528518676757812,0.0402390521510332,0.1802679389715194,0.0129631828342758,0.5689499766513233,0.02901153528651,0.6045568992957276,0.0554582833543566,0.8513232521008871,,1.336078405380249
filter,baseline,reference,FLOOR,21,xgboost,True,1757,1310,447,0.7455890722822994,0.8491092396564912,0.0205010010219749,0.4234146148857662,0.0467097068637557,0.3282442748091603,0.1751155686557933,0.8594455465173955,0.0339076228082331,0.5864100933074952,0.0397547710329405,0.1979076355695724,0.0145857638028175,0.6205721855314446,0.0325271576362041,0.6115253833471519,0.0588356583064082,0.8466786089291869,,0.7436237335205078
filter,baseline,reference,FLOOR+terminus,22,logreg,False,1757,1310,447,0.7455890722822994,0.8635413984811228,0.019788765998825,0.4772689572085106,0.0712137997589013,0.3091603053435114,0.187120242622218,0.8759999570619401,0.0253412311660893,0.5147176802158355,0.0178173921946278,0.1683320224285125,0.0085275397401067,0.5519292678045573,0.0269612175077501,0.606427843058772,0.063202895178797,0.8602137520611342,"0.1,0.01,0.01,0.01,0.01",1.3489038944244385
filter,baseline,reference,FLOOR+terminus,22,logreg,True,1757,1310,447,0.7455890722822994,0.8630063566838944,0.0183154494543845,0.4763111196535622,0.0726570047352664,0.3206106870229007,0.1771214450407955,0.8738289619093308,0.0196071898823192,0.62337886095047,0.0148559122469327,0.2161362946033477,0.0068504382468993,0.6634341614966026,0.0306058896326668,0.6099308116762444,0.0596626316088273,0.8579057791897338,"0.1,0.1,0.01,0.01,0.01",1.5064010620117188
filter,baseline,reference,FLOOR+terminus,22,xgboost,False,1757,1310,447,0.7455890722822994,0.854295723734128,0.0254967572740363,0.4387646714164864,0.0574087629031873,0.2480916030534351,0.1296024950103026,0.8676120921467149,0.027721816529338,0.552056884765625,0.0466087507652363,0.1792904853820801,0.0143863656971546,0.5926166719082062,0.0195889674417403,0.5848822559586776,0.0436197087240901,0.8525662898961291,,0.8547587394714355
filter,baseline,reference,FLOOR+terminus,22,xgboost,True,1757,1310,447,0.7455890722822994,0.8514827075370424,0.0287304931034497,0.4455945376233456,0.0631895056558882,0.2793893129770992,0.2409482461843536,0.8658513669496429,0.0331486541291483,0.5807821154594421,0.0499110184038483,0.1948406219482422,0.0179182168476699,0.6277687242092422,0.0418940809450892,0.5949131333924198,0.0813073781037671,0.8483626602779919,,0.7450356483459473
filter,baseline,reference,TERMINUS_ONLY,1,logreg,False,1757,1310,447,0.7455890722822994,0.7775745199027759,0.0189823050405869,0.2923269148622317,0.0222119059287534,0.0,0.0,0.8020975120603335,0.0329950593805165,0.5594424247741699,0.0120307084801344,0.1867580264806747,0.0045461256811311,0.5,0.0,0.5769798248372741,0.0438953761185485,0.7703120517433976,"0.1,0.1,0.1,0.1,1.0",0.7455027103424072
filter,baseline,reference,TERMINUS_ONLY,1,logreg,True,1757,1310,447,0.7455890722822994,0.7775745199027759,0.0189823050405869,0.2923269148622317,0.0222119059287534,0.0,0.0,0.8020975120603335,0.0329950593805165,0.6824347138404846,0.0097133060177161,0.2446760118007659,0.0048242412698954,0.5769798248372741,0.0438953761185485,0.5769798248372741,0.0438953761185485,0.7703120517433976,"0.1,0.1,0.1,0.1,0.1",0.7557108402252197
filter,baseline,reference,TERMINUS_ONLY,1,xgboost,False,1757,1310,447,0.7455890722822994,0.7775745199027759,0.0189823050405869,0.2923269148622317,0.0222119059287534,0.0,0.0,0.8020975120603335,0.0329950593805165,0.5595745921134949,0.0128189360101551,0.1868030697107315,0.0048320241731282,0.5,0.0,0.5769798248372741,0.0438953761185485,0.7703120517433976,,0.3009262084960937
filter,baseline,reference,TERMINUS_ONLY,1,xgboost,True,1757,1310,447,0.7455890722822994,0.7775745199027759,0.0189823050405869,0.2923269148622317,0.0222119059287534,0.0,0.0,0.8020975120603335,0.0329950593805165,0.6825754880905152,0.0101985454251136,0.2447461068630218,0.0050616620642138,0.5769798248372741,0.0438953761185485,0.5769798248372741,0.0438953761185485,0.7703120517433976,,0.2689931392669678
filter,OpenCell/protein/300m,A_model1_filter,MEANPOOL,960,logreg,False,1757,1310,447,0.7455890722822994,0.8888257809633545,0.0130881881151653,0.5281788217358516,0.0714829478238907,0.4732824427480915,0.1513059133046931,0.9114243741451592,0.019959252344654,0.4868409335613251,0.0216520681967299,0.1590685456991195,0.0101773582354154,0.5769527594323889,0.0483558987346681,0.6615850415987649,0.0507644125695964,0.8861886108567602,"0.001,0.001,0.001,0.001,0.001",2.8013851642608643
filter,OpenCell/protein/300m,A_model1_filter,MEANPOOL,960,logreg,True,1757,1310,447,0.7455890722822994,0.8897517045717457,0.0126386009763634,0.5235084931025318,0.0721169139265319,0.4969465648854962,0.1084735241817119,0.9064762697009074,0.0183717005964482,0.5759369134902954,0.0184215564320128,0.1964468091726303,0.0079717118689246,0.6967146982302656,0.0156867655243062,0.6700962537286408,0.0371101214914905,0.8865985920260516,"0.001,0.001,0.001,0.001,0.001",2.6208584308624268
filter,OpenCell/protein/300m,A_model1_filter,MEANPOOL,960,xgboost,False,1757,1310,447,0.7455890722822994,0.8876567470741232,0.0079796253842413,0.5352769839285655,0.0840074390532583,0.4793893129770993,0.1030746373439462,0.8915640621745226,0.015370587735024,0.5412950932979583,0.0548836605287157,0.167424327135086,0.0199678303312002,0.6246251346122691,0.0519059431585342,0.6624537076745671,0.0342305196039311,0.8856246311030325,,13.215043544769289
filter,OpenCell/protein/300m,A_model1_filter,MEANPOOL,960,xgboost,True,1757,1310,447,0.7455890722822994,0.886460195301067,0.0157574042001935,0.5315149230542852,0.0857430104641863,0.4183206106870228,0.1685148003090469,0.8919939826368963,0.0137521468348552,0.5251442968845368,0.046814997031789,0.1710809707641601,0.0185237398079267,0.6544848519503292,0.0587360158089332,0.6430679208241606,0.0554227320311981,0.8841818856758851,,13.206602811813354
filter,OpenCell/protein/300m,A_model1_filter,TERMINAL,2880,logreg,False,1757,1310,447,0.7455890722822994,0.8903300708402965,0.0105666908520832,0.5618522465859835,0.0738128872292762,0.5068702290076337,0.152609720220905,0.8975309592183096,0.0125082985388629,0.4803325057029724,0.026269081091219,0.1553992927074432,0.0118183630403068,0.6250122461427032,0.0436092938612538,0.6716997836673624,0.0508064167643065,0.8881193215449527,"0.001,0.001,0.001,0.001,0.001",3.4393105506896973
filter,OpenCell/protein/300m,A_model1_filter,TERMINAL,2880,logreg,True,1757,1310,447,0.7455890722822994,0.8895951740089851,0.0094482754819573,0.5557133144573261,0.0698248652813784,0.4961832061068702,0.1579248921036427,0.896131159935164,0.0102595315096344,0.5502624273300171,0.0214557103283296,0.1860779136419296,0.0096667056765953,0.6876894340090154,0.0407501316365753,0.6697145743393278,0.0524205647957639,0.8869281760297374,"0.001,0.001,0.001,0.001,0.001",3.493051052093506
filter,OpenCell/protein/300m,A_model1_filter,TERMINAL,2880,xgboost,False,1757,1310,447,0.7455890722822994,0.8854322208109424,0.0142706214491536,0.5420000153019757,0.0832872638804906,0.4862595419847328,0.0984851167514607,0.8998143061451499,0.0127504142210532,0.548520302772522,0.0593220083149503,0.1676113307476043,0.0189034302094123,0.61606093528128,0.0557546340729513,0.6659512441509182,0.0328548504991058,0.8824165020262684,,47.94906163215637
filter,OpenCell/protein/300m,A_model1_filter,TERMINAL,2880,xgboost,True,1757,1310,447,0.7455890722822994,0.8856817532214428,0.0095724713030832,0.5440819160393946,0.0807620379918001,0.4648854961832061,0.132531263731273,0.899536840404136,0.0086114539775069,0.5164319396018981,0.0436731838240705,0.1656531393527984,0.0164555790417389,0.6559724962117964,0.0364574755866696,0.6586100389779951,0.0448014700368646,0.8845196412280945,,41.32242774963379
filter,OpenCell/protein+tag/300m,B_construct,MEANPOOL,960,logreg,False,1757,1310,447,0.7455890722822994,0.8871521070037653,0.0160163658426933,0.5338664846696757,0.0793451162990747,0.482442748091603,0.1562929330329127,0.9123012045309952,0.0218321269172987,0.4858479082584381,0.0243700344125465,0.1584338843822479,0.0111351241573799,0.584029600404075,0.0447110097393633,0.6639304876537915,0.0533029848317062,0.8850746779933056,"0.001,0.001,0.001,0.001,0.001",2.541471004486084
filter,OpenCell/protein+tag/300m,B_construct,MEANPOOL,960,logreg,True,1757,1310,447,0.7455890722822994,0.8874413980559419,0.0159987279075004,0.5278674420169512,0.0788356965393406,0.466412213740458,0.1663570536776705,0.9101761283311148,0.0236949846845716,0.5754528403282165,0.0203017881283638,0.1959065377712249,0.0084261479906963,0.6937041484404036,0.0197178430310461,0.6581499270949481,0.0567590939945497,0.885127274316067,"0.001,0.001,0.001,0.001,0.001",2.624779224395752
filter,OpenCell/protein+tag/300m,B_construct,MEANPOOL,960,xgboost,False,1757,1310,447,0.7455890722822994,0.8837013691957518,0.0132707327095062,0.5221033515430065,0.0842432310584908,0.4343511450381679,0.1021803558749961,0.8938974704420929,0.0155076225768543,0.5479277014732361,0.0536114813988801,0.1694619834423065,0.0195721255490928,0.6118659881255302,0.0452067968801378,0.6477873078499204,0.0338333017189254,0.881511415376721,,12.321678161621094
filter,OpenCell/protein+tag/300m,B_construct,MEANPOOL,960,xgboost,True,1757,1310,447,0.7455890722822994,0.883383058156624,0.0173660292092621,0.5291098859553139,0.0993022313556297,0.4748091603053435,0.1127925561074184,0.893871355958422,0.0318526891817745,0.5276206016540528,0.0500464308822058,0.1714937686920166,0.0205458137788102,0.6537179670450106,0.0583631850047263,0.6623983379554182,0.0386665234657373,0.8815119549179995,,12.193368196487429
filter,OpenCell/protein+tag/300m,B_construct,TERMINAL,3840,logreg,False,1757,1310,447,0.7455890722822994,0.8811640848339097,0.0225676163650377,0.5622268224137581,0.0806663610255053,0.4221374045801527,0.2646775257669532,0.9003590908399154,0.0081183003057932,0.4863952219486236,0.035760773048522,0.1557705909013748,0.0139053209051392,0.6323565009387121,0.0545665831528344,0.6449014114036843,0.0889355605601259,0.8804883221409653,"0.001,0.001,0.001,0.001,0.001",4.4604809284210205
filter,OpenCell/protein+tag/300m,B_construct,TERMINAL,3840,logreg,True,1757,1310,447,0.7455890722822994,0.8802904376357098,0.0204311043083667,0.5514148156880625,0.0728713166368079,0.5152671755725191,0.1499033350126372,0.9030350227051546,0.0099182107665555,0.5526334762573242,0.0283215162280206,0.1858187824487686,0.0110799949254147,0.6881408735264126,0.0372179476222742,0.674787145838694,0.050170429151912,0.8789170324646851,"0.001,0.001,0.001,0.001,0.001",4.698728799819946
filter,OpenCell/protein+tag/300m,B_construct,TERMINAL,3840,xgboost,False,1757,1310,447,0.7455890722822994,0.8880959330303628,0.0185702572575972,0.5692533922514202,0.0795021436200183,0.5877862595419848,0.0916428030804806,0.9061065426370674,0.010311055010015,0.5370729327201843,0.0594324123122267,0.1616511791944503,0.0186639055551363,0.635757688385701,0.0411314614921977,0.6988119812066979,0.0309989953449642,0.8870683576774657,,61.13100743293762
filter,OpenCell/protein+tag/300m,B_construct,TERMINAL,3840,xgboost,True,1757,1310,447,0.7455890722822994,0.8873761337773747,0.0184992242805815,0.5622483154752809,0.0875873834628239,0.4832061068702289,0.1688171002373763,0.9067856457379848,0.0135662601515256,0.5119607031345368,0.0528664671505344,0.163125804066658,0.0186419849830314,0.6548434685650569,0.0481113843220467,0.6643745890156388,0.0569199044949897,0.8854815760734757,,59.89070796966553
filter,OpenCell/protein/6b,A_model1_filter,MEANPOOL,2560,logreg,False,1757,1310,447,0.7455890722822994,0.8957157823848204,0.0166942363207155,0.579262304765431,0.0723486376653843,0.5725190839694656,0.1564652747539666,0.923066913103544,0.0243051303302182,0.4664363086223602,0.0251073823428286,0.1503377169370651,0.0105606227410898,0.641024387454613,0.0397709889942311,0.6955479314978414,0.0530425217243228,0.8952873764617479,"0.001,0.001,0.001,0.001,0.001",3.5769853591918945
filter,OpenCell/protein/6b,A_model1_filter,MEANPOOL,2560,logreg,True,1757,1310,447,0.7455890722822994,0.8946408457750346,0.0153421093263526,0.5744207660460909,0.0763078620784487,0.5572519083969466,0.1896335933173994,0.9178480406247006,0.0259199944888848,0.5418901205062866,0.0146633972985541,0.1815643280744552,0.0054485092559131,0.7085097826190545,0.0273586308702615,0.6901240815392973,0.0627293120712336,0.8935241509387403,"0.001,0.001,0.001,0.001,0.001",3.4933526515960693
filter,OpenCell/protein/6b,A_model1_filter,MEANPOOL,2560,xgboost,False,1757,1310,447,0.7455890722822994,0.8909902217990762,0.0197016153568071,0.5569752253654536,0.0551392947199928,0.4725190839694656,0.2296809440347143,0.9078165513048884,0.0103725902678549,0.5232391655445099,0.0376709660347476,0.1602740764617919,0.0117408706684088,0.6376536009377591,0.0326271495987824,0.6600797667038341,0.0779100541865548,0.8902498360046762,,37.250980615615845
filter,OpenCell/protein/6b,A_model1_filter,MEANPOOL,2560,xgboost,True,1757,1310,447,0.7455890722822994,0.8880401387873469,0.0165162101994461,0.550391982290078,0.0605748750902724,0.5381679389312978,0.0697022227776705,0.907646041035206,0.0101600857688673,0.5038622438907623,0.0271353695808527,0.1613159239292144,0.0112548696124199,0.6656193117381899,0.0373592117206966,0.6829416473682706,0.0247193379505222,0.8878409422161568,,35.84103608131409
filter,OpenCell/protein/6b,A_model1_filter,TERMINAL,7680,logreg,False,1757,1310,447,0.7455890722822994,0.8962553867487936,0.0133755309747957,0.6046976674358463,0.072869961106609,0.5900763358778626,0.1169148203980841,0.9193723933128752,0.0196132530110519,0.4633744657039642,0.0251878772321349,0.1465678691864013,0.0111317597366831,0.6677550962060782,0.0429513080966342,0.6999070817966092,0.0384062090308835,0.8954244794325965,"0.001,0.001,0.001,0.001,0.001",11.517011404037476
filter,OpenCell/protein/6b,A_model1_filter,TERMINAL,7680,logreg,True,1757,1310,447,0.7455890722822994,0.8944534716977772,0.0129261033266936,0.6008394607320442,0.0722019073182023,0.5641221374045802,0.121101282641037,0.9176266026588348,0.0177343464995831,0.5066027224063874,0.0215630183814389,0.1653544723987579,0.0089882346827587,0.7141539678455366,0.028537518716686,0.692522991299044,0.0399049427344011,0.8935039909701926,"0.001,0.001,0.001,0.001,0.001",11.088524580001833
filter,OpenCell/protein/6b,A_model1_filter,TERMINAL,7680,xgboost,False,1757,1310,447,0.7455890722822994,0.8976635715041954,0.013497266371456,0.5751452883305651,0.0754210621362922,0.599236641221374,0.0651655384693277,0.9182942686762052,0.007731828928193,0.519616574048996,0.0450406896654914,0.1585641086101532,0.0156896632597084,0.6235588148402283,0.0389705305225737,0.7045496564408993,0.0224907381467038,0.8957239304765655,,133.53601741790771
filter,OpenCell/protein/6b,A_model1_filter,TERMINAL,7680,xgboost,True,1757,1310,447,0.7455890722822994,0.9021196505507204,0.0163826318364892,0.5881931187456985,0.0652344314981224,0.6290076335877862,0.0898933968424509,0.9183317849933996,0.0141211851052193,0.4765123605728149,0.0295550757478874,0.1513778984546661,0.0103624998303802,0.6931192879130095,0.0328995631823938,0.7137672375179881,0.0296928595284001,0.8997332815921312,,132.96696496009827
filter,OpenCell/protein+tag/6b,B_construct,MEANPOOL,2560,logreg,False,1757,1310,447,0.7455890722822994,0.8976151055243402,0.0172560766517183,0.589420280355773,0.0766979717575783,0.5854961832061069,0.1690326977559949,0.9229640277065152,0.0270339149108483,0.4632163226604461,0.0289791477849208,0.1487458646297454,0.0118280355064949,0.6439849996664475,0.0511111743871089,0.6997892901049261,0.0569009360993153,0.8952447713481251,"0.001,0.001,0.001,0.001,0.001",3.5577328205108643
filter,OpenCell/protein+tag/6b,B_construct,MEANPOOL,2560,logreg,True,1757,1310,447,0.7455890722822994,0.8963472589836158,0.0163373501451732,0.5852538158092735,0.0787635447491138,0.5786259541984733,0.1772365550812893,0.9226511365518466,0.0271512245643732,0.5382339715957641,0.0197333556199324,0.17993024289608,0.0074921797668687,0.7149804157017469,0.026964207282334,0.6963541756011093,0.0595388806739887,0.8933092775500439,"0.001,0.001,0.001,0.001,0.001",3.4999959468841557
filter,OpenCell/protein+tag/6b,B_construct,MEANPOOL,2560,xgboost,False,1757,1310,447,0.7455890722822994,0.8861556952434245,0.0157388124140938,0.5520215377434046,0.0697668426740377,0.4717557251908397,0.1860388506098949,0.9109640334999692,0.0142816224031368,0.5336664974689483,0.0404930293920936,0.1622583925724029,0.0154018658174417,0.6264141197548866,0.0471798796759888,0.6597355404980416,0.0626637266623784,0.8847320854041629,,36.74419641494751
filter,OpenCell/protein+tag/6b,B_construct,MEANPOOL,2560,xgboost,True,1757,1310,447,0.7455890722822994,0.884804180636106,0.0171536353077695,0.5449219928237609,0.0708655843194974,0.5206106870229008,0.208209517817583,0.9045680627208308,0.0209608748600118,0.5116179525852204,0.0369437443539159,0.1631253898143768,0.012925808976121,0.6686637885848795,0.0458213326121643,0.6763103372692532,0.0695042850165063,0.8829268287620349,,35.36233353614807
filter,OpenCell/protein+tag/6b,B_construct,TERMINAL,10240,logreg,False,1757,1310,447,0.7455890722822994,0.8969332022568107,0.0152313999545722,0.6159090926947451,0.0706221308686652,0.5977099236641221,0.0896581052697899,0.9166503113865648,0.0136821066693592,0.46568363904953,0.0332551373023154,0.146989619731903,0.0136209051736415,0.6710954817927972,0.036305179975139,0.7037488444787527,0.0295098201037601,0.8956678682574276,"0.001,0.001,0.001,0.001,0.001",18.3133544921875
filter,OpenCell/protein+tag/6b,B_construct,TERMINAL,10240,logreg,True,1757,1310,447,0.7455890722822994,0.8946196836073407,0.0152942011019031,0.6096196390976045,0.0694910258523794,0.5992366412213741,0.0767640662638121,0.9136208395090174,0.0079444537126106,0.502389544248581,0.0294012931394725,0.1642008870840072,0.0118690877355894,0.7027184530786899,0.0302492544848191,0.7045246876518856,0.0252498365233142,0.8937120262656464,"0.001,0.001,0.001,0.001,0.001",21.00485372543335
filter,OpenCell/protein+tag/6b,B_construct,TERMINAL,10240,xgboost,False,1757,1310,447,0.7455890722822994,0.893697539723336,0.019820558586801,0.587629005424947,0.0632305238133354,0.6,0.0773972021718264,0.9154565162683044,0.0062745365897893,0.527854835987091,0.0501670707287618,0.1578587472438812,0.0142361447253367,0.635579571337355,0.028307392750754,0.7026716604244694,0.0262914518276088,0.8908773720692175,,228.23740577697757
filter,OpenCell/protein+tag/6b,B_construct,TERMINAL,10240,xgboost,True,1757,1310,447,0.7455890722822994,0.8909725311425973,0.0166998039118759,0.5680367900342728,0.0675304927659482,0.567175572519084,0.1082113237026152,0.9033974462616996,0.0129392690930178,0.5031974673271179,0.0378881276765059,0.1593840628862381,0.0129644518341489,0.6769999332894949,0.0427235876574153,0.6929885353232124,0.036768380891738,0.8882376924662081,,235.69046998023987
terminus,baseline,reference,FLOOR,21,logreg,False,1310,732,578,0.5587786259541985,0.6567966978153923,0.0420327919263956,0.5787837526088365,0.0384742981759187,0.0245457086944366,0.0274776793077875,0.6584333690134556,0.0391879347990895,0.6645535111427308,0.0145757284371803,0.2357619106769561,0.0068494525688252,0.5862483274717128,0.0205814554151544,0.5105412201643098,0.0131744373563804,0.6470988495734717,"0.01,0.01,0.01,0.01,0.01",1.7490360736846924
terminus,baseline,reference,FLOOR,21,logreg,True,1310,732,578,0.5587786259541985,0.656983191585042,0.0415299844293598,0.5788388682582781,0.0380626019171518,0.0245457086944366,0.0274776793077875,0.6594661465422115,0.0391190101341789,0.6711587071418762,0.0142296851768676,0.2390878170728683,0.0067737979099092,0.5892859210595989,0.0476773136759894,0.5105412201643098,0.0131744373563804,0.6470386611626169,"0.01,0.01,0.01,0.01,0.01",1.0163094997406006
terminus,baseline,reference,FLOOR,21,xgboost,False,1310,732,578,0.5587786259541985,0.6670832810606673,0.0099650456895358,0.5666285780637841,0.04191761432163,0.0355139316000372,0.0302859866811237,0.6599988195661298,0.0267974770469297,0.7042133808135986,0.0435709272007525,0.248924109339714,0.0179469289165531,0.5898790247034715,0.034335266816798,0.5160253316171102,0.0128083661965722,0.6615833866861942,,0.774763822555542
terminus,baseline,reference,FLOOR,21,xgboost,True,1310,732,578,0.5587786259541985,0.6628607875667383,0.0103423505636311,0.5685154043754961,0.0370205866864021,0.0409654272667971,0.0340466742842261,0.6688224900889932,0.0288113242297801,0.7043069720268249,0.036358364780658,0.2501467406749725,0.0149473696976941,0.586685620008,0.0216927597138434,0.5187510794504899,0.014884083490745,0.6578812689168976,,0.7426326274871826
terminus,OpenCell/protein/300m,A_model2_terminus,MEANPOOL,960,logreg,False,1310,732,578,0.5587786259541985,0.7078133044552027,0.0212156363888168,0.6329507431277838,0.0367461859952625,0.046519429689684,0.0244769801070068,0.7108927470966757,0.029817523198463,0.6378891348838807,0.012854474692486,0.2229778587818146,0.0062834070822929,0.6313163057833677,0.017879323695595,0.5206735079482903,0.0099538977020306,0.7035606056943452,"0.001,0.001,0.001,0.001,0.01",2.2567615509033203
terminus,OpenCell/protein/300m,A_model2_terminus,MEANPOOL,960,logreg,True,1310,732,578,0.5587786259541985,0.7085875978847908,0.0200617014437254,0.6327127179944974,0.0360469312049995,0.0478892927033827,0.0256963244307112,0.7106575209040202,0.0268866206792401,0.6437394142150878,0.013002983757266,0.2257218480110168,0.0061878385720907,0.6430668318342925,0.0235461148303102,0.5213584394551397,0.0105556819773561,0.7039769007954623,"0.001,0.001,0.001,0.001,0.01",2.4191036224365234
terminus,OpenCell/protein/300m,A_model2_terminus,MEANPOOL,960,xgboost,False,1310,732,578,0.5587786259541985,0.7305507256159303,0.0214878387226464,0.6680456278898749,0.015626084537075,0.0477215543751747,0.0387982451190295,0.7508694854175951,0.0329874629918822,0.6444002628326416,0.0198617645496712,0.220972266793251,0.0086348176289592,0.6562162349074274,0.0238744630825269,0.5203975088217703,0.0185142203251851,0.7268766980900201,,12.038114070892334
terminus,OpenCell/protein/300m,A_model2_terminus,MEANPOOL,960,xgboost,True,1310,732,578,0.5587786259541985,0.7281602406619608,0.0213803478838177,0.6582305406490498,0.0097824448042715,0.05745969620725,0.0805756730797491,0.733524926481496,0.0158622848154557,0.6498065710067749,0.0155727481274357,0.2239061832427978,0.0065912785812122,0.6492914306056365,0.0195967246698335,0.5252815722415561,0.0354998875074218,0.7225199599795232,,11.962927103042604
terminus,OpenCell/protein/300m,A_model2_terminus,TERMINAL,2880,logreg,False,1310,732,578,0.5587786259541985,0.7466281181019762,0.0140070447138166,0.7037832241380059,0.0289716965352752,0.0969900288882676,0.0414314367591667,0.741050117530725,0.0223696401511696,0.6008983612060547,0.0128352660871988,0.2073963105678558,0.0058257926492685,0.6631753119805767,0.0201112960402846,0.542438042929891,0.0168730005646682,0.74402694908613,"0.001,0.001,0.001,0.001,0.001",2.840010643005371
terminus,OpenCell/protein/300m,A_model2_terminus,TERMINAL,2880,logreg,True,1310,732,578,0.5587786259541985,0.747232340952197,0.0137596993106807,0.7031055434330357,0.0283113529567805,0.0983598919019662,0.0426146335699219,0.7392106510833012,0.013722718353326,0.6052965760231018,0.0114178190458879,0.2098331838846206,0.0049726087834487,0.6591095813569312,0.0103964034725837,0.5431229744367403,0.0174690864192795,0.7445429601601106,"0.001,0.001,0.001,0.001,0.001",2.90044379234314
terminus,OpenCell/protein/300m,A_model2_terminus,TERMINAL,2880,xgboost,False,1310,732,578,0.5587786259541985,0.7611801805890135,0.0202550327870722,0.7002683770632787,0.0150982625965987,0.1474885844748858,0.0835341157534847,0.7697768428645835,0.0410652641317203,0.6159460544586182,0.0238759421679161,0.2117122858762741,0.0096810200311032,0.6522955421925604,0.0275056230842994,0.5650861213229001,0.0349735351941161,0.7587905520651281,,40.94675850868225
terminus,OpenCell/protein/300m,A_model2_terminus,TERMINAL,2880,xgboost,True,1310,732,578,0.5587786259541985,0.7558995031553796,0.0167239214193152,0.6988056390614179,0.0146473456780113,0.1173609169695275,0.0660654612129805,0.754691085855257,0.0534487259017823,0.6160646915435791,0.0158493164875432,0.2125952959060669,0.0067572421634967,0.6542790954257287,0.0177015008690629,0.5508843565357383,0.0283162697206622,0.7522413450445744,,42.30094003677368
terminus,OpenCell/protein/6b,A_model2_terminus,MEANPOOL,2560,logreg,False,1310,732,578,0.5587786259541985,0.7120640445207063,0.0188846954328107,0.6258798002075439,0.0300677006280866,0.0272574783337992,0.0369591015682132,0.7265536049128694,0.0244709520705281,0.6363685488700866,0.014914298338778,0.222500792145729,0.0069254199192834,0.6296817114227341,0.03164286519597,0.5110350360184739,0.0184213724752766,0.708988507844199,"0.001,0.001,0.001,0.001,0.001",2.915008783340454
terminus,OpenCell/protein/6b,A_model2_terminus,MEANPOOL,2560,logreg,True,1310,732,578,0.5587786259541985,0.7125470979309808,0.0182313853415961,0.625010301645045,0.0298995739210788,0.0258876153201006,0.0367616994762577,0.7286176126279219,0.023098311704213,0.6416364073753357,0.0141788735334539,0.2248985916376114,0.0064844983118375,0.6387992305217254,0.0314584795849958,0.5103501045116245,0.0182007563379038,0.7098225961820452,"0.001,0.001,0.001,0.001,0.001",2.90102767944336
terminus,OpenCell/protein/6b,A_model2_terminus,MEANPOOL,2560,xgboost,False,1310,732,578,0.5587786259541985,0.7149656985851264,0.0267732128482344,0.6187237606571012,0.023832443441896,0.039521013885006,0.058774389638911,0.7319543464340723,0.0261703438818974,0.680746591091156,0.0292093787759161,0.2363789737224579,0.0103632055870553,0.6133345544169486,0.0195682056890745,0.5171593075422032,0.0263939637432888,0.7078949958765606,,36.47435164451599
terminus,OpenCell/protein/6b,A_model2_terminus,MEANPOOL,2560,xgboost,True,1310,732,578,0.5587786259541985,0.711050279227735,0.0202020151698226,0.6177085531444702,0.0264703547481832,0.0245457086944366,0.0282678884053461,0.7342836059203647,0.0378644706026465,0.6773381710052491,0.0246497987834083,0.235019564628601,0.0103444557048258,0.6194032701289836,0.0139777298925699,0.511403289129827,0.0122021445913318,0.7073256975386857,,34.94071865081787
terminus,OpenCell/protein/6b,A_model2_terminus,TERMINAL,7680,logreg,False,1310,732,578,0.5587786259541985,0.7307168840114895,0.0282833775759668,0.6861814243936213,0.0279120532492951,0.0614760972882303,0.0568699864580587,0.7391838343498216,0.0266653420327572,0.6206895589828492,0.0231612779622738,0.2152351438999176,0.0092783970753745,0.6505487855736656,0.0215432428557454,0.5281443454956894,0.0246834959443084,0.7284785029500978,"0.001,0.001,0.001,0.001,0.001",5.626492023468018
terminus,OpenCell/protein/6b,A_model2_terminus,TERMINAL,7680,logreg,True,1310,732,578,0.5587786259541985,0.7308413665287056,0.0288260327215893,0.6846209716033873,0.0277536640725897,0.0642158233156276,0.0623116784055931,0.7361141905433356,0.0279806934656344,0.6245167493820191,0.0237969487003697,0.2174857050180435,0.0093596824439647,0.6474332955132722,0.0100317318396121,0.529514208509388,0.0274002205060311,0.7285253390649115,"0.001,0.001,0.001,0.001,0.001",5.690349102020264
terminus,OpenCell/protein/6b,A_model2_terminus,TERMINAL,7680,xgboost,False,1310,732,578,0.5587786259541985,0.720589695563175,0.029670993591253,0.6685097036331286,0.0229564190777713,0.0667598546267822,0.0826249841013878,0.715565043061005,0.0370307590845679,0.6510714292526245,0.0337482252342726,0.225354978442192,0.0136437145712542,0.626428517639419,0.0335137635890728,0.5307712316612172,0.0356479630792789,0.719642818988309,,131.79789638519287
terminus,OpenCell/protein/6b,A_model2_terminus,TERMINAL,7680,xgboost,True,1310,732,578,0.5587786259541985,0.7254273979620447,0.0321468798514012,0.6730939255026518,0.0259410018817757,0.0465007920976609,0.0590272816305917,0.7262676774761099,0.0358281054385608,0.6404894948005676,0.0322401201227478,0.2213404059410095,0.0135558439069725,0.6441706823412447,0.0400333778008718,0.521526258117796,0.0257173767906254,0.7232996479870332,,134.18657183647156
terminus,baseline,reference,TOPOLOGY_SP,2,logreg,False,1310,732,578,0.5587786259541985,0.5716084608183103,0.005392294225723943,0.46998829783581497,0.00794286085188951,0.0,0.0,0.5719022748419741,0.005357756406996973,0.6671850681304932,0.005910952200076531,0.2392393708229065,0.0023173377858823137,0.5259670164917541,0.00758536796624691,0.5210513110791543,0.01517617249625069,0.5693011714409202,"10.0,10.0,10.0,10.0,10.0",1.6259729862213135
terminus,baseline,reference,TOPOLOGY_SP,2,logreg,True,1310,732,578,0.5587786259541985,0.5719022748419741,0.005357756406996973,0.47025464367053116,0.007623681915248355,0.0,0.0,0.5719022748419741,0.005357756406996973,0.6738806962966919,0.004570770668807281,0.2425768941640854,0.0016468686276446451,0.5259670164917541,0.00758536796624691,0.5259670164917541,0.00758536796624691,0.5694178135923141,"10.0,10.0,10.0,10.0,10.0",0.6399328708648682
terminus,baseline,reference,TOPOLOGY_SP,2,xgboost,False,1310,732,578,0.5587786259541985,0.5719022748419741,0.005357756406996973,0.47025464367053116,0.00762368191524837,0.0,0.0,0.5719022748419741,0.005357756406996973,0.6765493392944336,0.0006821689836144194,0.24188554883003235,0.0003194864068413947,0.5259670164917541,0.00758536796624691,0.5259670164917541,0.00758536796624691,0.5693065865396595,,0.6834971904754639
terminus,baseline,reference,TOPOLOGY_SP,2,xgboost,True,1310,732,578,0.5587786259541985,0.5719022748419741,0.005357756406996973,0.47025464367053116,0.00762368191524837,0.0,0.0,0.5719022748419741,0.005357756406996973,0.68449547290802,0.0005619323545229439,0.24585253298282622,0.0002302215242033671,0.5259670164917541,0.00758536796624691,0.5259670164917541,0.00758536796624691,0.5699542309926086,,0.19437456130981445
terminus,baseline,reference,TOPOLOGY_FULL,8,logreg,False,1310,732,578,0.5587786259541985,0.6573307415864049,0.024379028564444672,0.5912100128479908,0.03308658290243326,0.060106234274531725,0.024874313098546253,0.6408320362367397,0.04393149003507647,0.6486795783042908,0.013956641630360034,0.2301783174276352,0.0058272140564155596,0.5656412749733604,0.021436023948650525,0.5265898487714488,0.01076025031956704,0.6481168389350964,"1.0,0.1,0.1,1.0,10.0",0.6439144611358643
terminus,baseline,reference,TOPOLOGY_FULL,8,logreg,True,1310,732,578,0.5587786259541985,0.6586049469640447,0.024329555650634424,0.5906322425617321,0.033765939184075375,0.06147609728823036,0.025628819558847785,0.6402628498613365,0.04860610127921971,0.655016016960144,0.012330233467603863,0.23319256603717803,0.004617847662530447,0.5611579973222781,0.025955558493305626,0.5272747802782981,0.011129184539316873,0.6492535953887435,"1.0,0.1,0.1,1.0,10.0",0.6144099235534668
terminus,baseline,reference,TOPOLOGY_FULL,8,xgboost,False,1310,732,578,0.5587786259541985,0.6609278857866803,0.0229936585152415,0.5970703396354613,0.01673046688923114,0.06418786692759296,0.02294394219383575,0.6466052790183309,0.020993949216881115,0.674579119682312,0.013613451919882879,0.24027943313121797,0.006034100396062993,0.5881676592511684,0.01543654211746497,0.5286306650979794,0.009776191620666052,0.6574432724620782,,0.7204773426055908
terminus,baseline,reference,TOPOLOGY_FULL,8,xgboost,True,1310,732,578,0.5587786259541985,0.660900522252408,0.023331743857816774,0.5965554745618512,0.020420135580346395,0.06694623054701333,0.029235381555534876,0.6494716153411806,0.028630102195470145,0.678400194644928,0.013585315311582103,0.24292442202568054,0.006071857652502394,0.5783329463308603,0.02640813869617199,0.5300098469076897,0.013223142273601041,0.6583830846637032,,0.5397684574127197
filter,baseline,reference,TOPOLOGY_SP,2,logreg,False,1757,1310,447,0.7455890722822994,0.7520454446221153,0.009714571870610932,0.26847338439754165,0.018908344896024054,0.0,0.0,0.7528878006070838,0.0097672434674662,0.5675599932670593,0.0031241089170866722,0.18998684883117675,0.0013899022983185482,0.49845183978042706,0.0045362356310316,0.5165521151995119,0.02383714588507108,0.7479570144922668,"0.01,0.01,0.001,0.1,1.0",0.824589729309082
filter,baseline,reference,TOPOLOGY_SP,2,logreg,True,1757,1310,447,0.7455890722822994,0.7516100320763237,0.009919935577830085,0.26562749578760814,0.019878201767652412,0.0,0.0,0.7525971389389171,0.009974040107401853,0.6917832851409912,0.0035001191943536715,0.24897006154060364,0.0015082475243378564,0.515428519693894,0.024510784269248794,0.5139875727859259,0.02571037335971077,0.7467131732870207,"0.1,0.1,0.001,1.0,1.0",0.7595465183258057
filter,baseline,reference,TOPOLOGY_SP,2,xgboost,False,1757,1310,447,0.7455890722822994,0.7520222301980157,0.009721009152325528,0.26867131636039987,0.025695926744912143,0.0,0.0,0.7523120111361419,0.009723805285534686,0.5686097145080566,0.004614394608153583,0.19049137234687805,0.002026675673412937,0.4999231876185303,0.0034848849406355327,0.5165521151995119,0.02383714588507108,0.7476706680683101,,0.35077404975891113
filter,baseline,reference,TOPOLOGY_SP,2,xgboost,True,1757,1310,447,0.7455890722822994,0.7520281575228727,0.009716572657491773,0.269827885355039,0.028414623122554817,0.0,0.0,0.7524496463135484,0.010027357255933497,0.691622519493103,0.003670719243675995,0.24888332784175873,0.0015932527563348676,0.5165521151995119,0.02383714588507108,0.5165521151995119,0.02383714588507108,0.7476790554014245,,0.2495265007019043
filter,baseline,reference,TOPOLOGY_FULL,8,logreg,False,1757,1310,447,0.7455890722822994,0.8135770425132671,0.021993614787472734,0.3839888207028187,0.05302973736852543,0.0732824427480916,0.06440097497525588,0.8151224301838436,0.020455775406311293,0.5483124375343322,0.01262467620777428,0.18204504549503325,0.005297626521212856,0.5107060830450487,0.010808858096534937,0.5265912837960183,0.023114921685620283,0.8094412128888557,"0.01,0.01,0.01,0.1,0.01",1.3596456050872803
filter,baseline,reference,TOPOLOGY_FULL,8,logreg,True,1757,1310,447,0.7455890722822994,0.8135301214118416,0.02206090583287295,0.3840260263866019,0.05353006052217085,0.06793893129770992,0.07137506632735735,0.8149432691916342,0.021909877544889985,0.6658891677856446,0.009051653908402289,0.23580397963523864,0.0039583731915287974,0.575368384938674,0.03781422267953405,0.5250306391819386,0.025587182496374577,0.8077507062589417,"0.01,0.01,0.01,0.1,0.01",1.5157198905944824
filter,baseline,reference,TOPOLOGY_FULL,8,xgboost,False,1757,1310,447,0.7455890722822994,0.8146686166568798,0.012025691238400167,0.38308668766325926,0.06265024527402069,0.09618320610687023,0.09932468202640708,0.8124291622355402,0.02935198930942533,0.5707381963729858,0.024050231214415015,0.18869016468524932,0.01062277089551428,0.5613277296509135,0.03820445937008302,0.5324611411308383,0.03512816079141385,0.8120002519580283,,0.7350959777832031
filter,baseline,reference,TOPOLOGY_FULL,8,xgboost,True,1757,1310,447,0.7455890722822994,0.8181373400143942,0.014850740826953939,0.3806914239328408,0.0761155567146396,0.10076335877862594,0.0714362711975383,0.8176660175047272,0.034213376593463,0.6461429119110107,0.023223339034656648,0.2252357453107834,0.010462446868856737,0.5768840476122403,0.0475284895717207,0.5336026531720844,0.02704742234368711,0.8145403336777232,,0.5681352615356445
